"County";"0-59 m";"60-159 m";"160-299 m";"300-599 m";"600-899 m";"900-1199 m";"1200-1499 m";"1500-1799 m";"1800-2099 m";"2100-2700 m"
" ";"Area";"Area";"Area";"Area";"Area";"Area";"Area";"Area";"Area";"Area"
"Halden";66.83;315.44;258.72;0.00;0.00;0.00;0.00;0.00;0.00;0.00
"Moss";49.94;13.18;0.00;0.00;0.00;0.00;0.00;0.00;0.00;0.00
"Sarpsborg";210.45;188.51;8.08;0.00;0.00;0.00;0.00;0.00;0.00;0.00
"Fredrikstad";254.58;35.73;0.00;0.00;0.00;0.00;0.00;0.00;0.00;0.00
"Hvaler";87.03;0.75;0.00;0.00;0.00;0.00;0.00;0.00;0.00;0.00
"Aremark";0.00;179.78;141.50;0.00;0.00;0.00;0.00;0.00;0.00;0.00
"Marker";0.00;190.09;222.31;0.68;0.00;0.00;0.00;0.00;0.00;0.00
"Rømskog";0.00;57.66;119.91;5.89;0.00;0.00;0.00;0.00;0.00;0.00
"Trøgstad";0.00;94.47;109.29;1.05;0.00;0.00;0.00;0.00;0.00;0.00
"Spydeberg";0.57;81.24;60.64;0.00;0.00;0.00;0.00;0.00;0.00;0.00
"Askim";1.50;48.21;19.22;0.00;0.00;0.00;0.00;0.00;0.00;0.00
"Eidsberg";11.28;113.80;110.50;0.00;0.00;0.00;0.00;0.00;0.00;0.00
"Skiptvet";19.65;65.53;16.42;0.00;0.00;0.00;0.00;0.00;0.00;0.00
"Rakkestad";6.08;301.22;125.72;0.02;0.00;0.00;0.00;0.00;0.00;0.00
"Råde";98.90;19.99;0.00;0.00;0.00;0.00;0.00;0.00;0.00;0.00
"Rygge";73.26;0.55;0.00;0.00;0.00;0.00;0.00;0.00;0.00;0.00
"Våler (Østf.)";105.48;136.90;14.33;0.00;0.00;0.00;0.00;0.00;0.00;0.00
"Hobøl";13.04;96.48;31.03;0.00;0.00;0.00;0.00;0.00;0.00;0.00
"Vestby";46.08;87.45;0.00;0.00;0.00;0.00;0.00;0.00;0.00;0.00
"Ski";0.38;105.66;59.57;0.10;0.00;0.00;0.00;0.00;0.00;0.00
"Ås";9.94;92.41;0.42;0.00;0.00;0.00;0.00;0.00;0.00;0.00
"Frogn";20.85;65.08;1.50;0.00;0.00;0.00;0.00;0.00;0.00;0.00
"Nesodden";8.77;43.93;7.56;0.00;0.00;0.00;0.00;0.00;0.00;0.00
"Oppegård";6.69;28.21;2.10;0.00;0.00;0.00;0.00;0.00;0.00;0.00
"Bærum";29.07;47.98;55.62;59.54;0.00;0.00;0.00;0.00;0.00;0.00
"Asker";20.27;28.65;34.38;17.56;0.00;0.00;0.00;0.00;0.00;0.00
"Aurskog-Høland";0.00;159.30;681.47;120.40;0.00;0.00;0.00;0.00;0.00;0.00
"Sørum";0.00;110.69;92.05;4.07;0.00;0.00;0.00;0.00;0.00;0.00
"Fet";0.00;75.66;98.11;2.32;0.00;0.00;0.00;0.00;0.00;0.00
"Rælingen";0.00;22.08;41.57;7.76;0.00;0.00;0.00;0.00;0.00;0.00
"Enebakk";0.00;67.97;156.23;8.27;0.00;0.00;0.00;0.00;0.00;0.00
"Lørenskog";0.00;3.43;59.38;7.84;0.00;0.00;0.00;0.00;0.00;0.00
"Skedsmo";0.00;38.31;37.53;1.40;0.00;0.00;0.00;0.00;0.00;0.00
"Nittedal";0.00;26.89;66.73;93.04;0.04;0.00;0.00;0.00;0.00;0.00
"Gjerdrum";0.00;26.12;42.37;14.03;0.00;0.00;0.00;0.00;0.00;0.00
"Ullensaker";0.00;61.57;190.05;0.00;0.00;0.00;0.00;0.00;0.00;0.00
"Nes (Ak.)";0.00;164.02;378.64;95.89;0.00;0.00;0.00;0.00;0.00;0.00
"Eidsvoll";0.00;85.62;198.36;168.57;3.22;0.00;0.00;0.00;0.00;0.00
"Nannestad";0.00;17.30;136.05;179.15;8.39;0.00;0.00;0.00;0.00;0.00
"Hurdal";0.00;0.00;60.21;177.79;46.98;0.00;0.00;0.00;0.00;0.00
"Oslo municipality";30.03;94.48;145.42;183.92;0.12;0.00;0.00;0.00;0.00;0.00
"Kongsvinger";0.00;77.02;557.53;403.03;0.00;0.00;0.00;0.00;0.00;0.00
"Hamar";0.00;38.25;63.54;87.02;159.19;3.40;0.00;0.00;0.00;0.00
"Ringsaker";0.00;165.04;218.85;510.21;334.04;51.76;0.00;0.00;0.00;0.00
"Løten";0.00;0.00;157.11;156.45;56.02;0.00;0.00;0.00;0.00;0.00
"Stange";0.00;112.84;258.12;352.11;1.89;0.00;0.00;0.00;0.00;0.00
"Nord-Odal";0.00;65.88;162.42;278.92;0.58;0.00;0.00;0.00;0.00;0.00
"Sør-Odal";0.00;138.47;186.55;191.62;0.00;0.00;0.00;0.00;0.00;0.00
"Eidskog";0.00;80.11;455.57;105.37;0.00;0.00;0.00;0.00;0.00;0.00
"Grue";0.00;55.51;292.52;490.64;0.00;0.00;0.00;0.00;0.00;0.00
"Åsnes";0.00;34.33;439.67;566.73;0.61;0.00;0.00;0.00;0.00;0.00
"Våler (Hedm.)";0.00;4.93;184.40;502.94;12.63;0.00;0.00;0.00;0.00;0.00
"Elverum";0.00;0.00;356.57;820.40;52.46;0.00;0.00;0.00;0.00;0.00
"Trysil";0.00;0.00;0.00;1512.11;1275.96;227.69;0.01;0.00;0.00;0.00
"Åmot";0.00;0.00;173.75;760.69;392.47;12.15;0.00;0.00;0.00;0.00
"Stor-Elvdal";0.00;0.00;85.60;469.48;935.81;613.15;60.28;3.06;0.00;0.00
"Rendalen";0.00;0.00;99.97;440.79;1884.90;703.89;45.55;3.28;0.00;0.00
"Engerdal";0.00;0.00;0.00;55.18;1678.48;442.39;19.42;0.00;0.00;0.00
"Tolga";0.00;0.00;0.00;30.24;460.94;592.62;37.61;0.65;0.00;0.00
"Tynset";0.00;0.00;0.00;169.03;907.92;758.22;34.12;0.35;0.00;0.00
"Alvdal";0.00;0.00;0.00;118.31;349.69;384.43;85.50;5.91;0.05;0.00
"Folldal";0.00;0.00;0.00;1.67;306.09;680.75;252.85;30.68;2.59;0.07
"Os (Hedm.)";0.00;0.00;0.00;4.96;593.76;420.55;18.82;0.65;0.00;0.00
"Lillehammer";0.00;28.39;49.99;163.59;194.46;40.57;0.00;0.00;0.00;0.00
"Gjøvik";0.00;46.46;66.78;405.95;153.68;0.00;0.00;0.00;0.00;0.00
"Dovre";0.00;0.00;0.00;50.97;88.44;565.27;494.66;148.46;16.33;1.56
"Lesja";0.00;0.00;0.00;74.68;301.18;502.86;883.96;451.61;42.44;0.48
"Skjåk";0.00;0.00;0.00;81.63;171.18;446.49;799.92;500.17;79.12;0.53
"Lom";0.00;0.00;0.00;33.00;107.02;277.40;634.13;570.49;290.60;32.68
"Vågå";0.00;0.00;0.00;74.24;219.70;494.29;336.53;155.59;60.50;8.58
"Nord-Fron";0.00;0.00;29.43;62.76;361.29;524.10;152.90;14.83;0.00;0.00
"Sel";0.00;0.00;19.25;92.93;233.55;359.84;143.74;54.51;5.09;0.04
"Sør-Fron";0.00;0.00;27.57;37.88;188.53;403.62;74.74;0.61;0.00;0.00
"Ringebu";0.00;0.00;45.81;67.70;369.18;727.63;39.55;0.00;0.00;0.00
"Øyer";0.00;0.60;41.25;57.22;224.33;316.78;0.07;0.00;0.00;0.00
"Gausdal";0.00;0.00;20.40;126.36;513.72;494.51;34.36;0.19;0.00;0.00
"Østre Toten";0.00;78.20;92.10;272.30;118.40;0.00;0.00;0.00;0.00;0.00
"Vestre Toten";0.00;0.00;0.80;236.80;11.40;0.00;0.00;0.00;0.00;0.00
"Jevnaker";0.00;32.39;35.38;145.88;11.63;0.00;0.00;0.00;0.00;0.00
"Lunner";0.00;0.00;30.85;247.38;13.92;0.00;0.00;0.00;0.00;0.00
"Gran";0.00;75.87;124.12;437.91;119.76;0.00;0.00;0.00;0.00;0.00
"Søndre Land";0.00;64.27;70.56;493.19;100.66;0.00;0.00;0.00;0.00;0.00
"Nordre Land";0.00;15.68;39.19;239.52;536.88;109.31;14.58;0.00;0.00;0.00
"Sør-Aurdal";0.00;3.02;49.62;269.73;540.39;244.91;1.50;0.00;0.00;0.00
"Etnedal";0.00;0.00;9.31;60.00;272.85;113.38;2.99;0.00;0.00;0.00
"Nord-Aurdal";0.00;0.00;0.00;106.72;348.37;452.91;0.42;0.00;0.00;0.00
"Vestre Slidre";0.00;0.00;0.00;69.47;165.91;209.09;17.93;2.29;0.00;0.00
"Øystre Slidre";0.00;0.00;0.00;43.02;187.29;569.33;146.01;18.24;0.28;0.00
"Vang";0.00;0.00;0.00;60.92;119.38;472.41;630.25;196.79;23.20;0.62
"Drammen";18.39;33.33;44.75;41.04;0.00;0.00;0.00;0.00;0.00;0.00
"Kongsberg";3.47;78.76;119.17;472.63;118.48;0.00;0.00;0.00;0.00;0.00
"Ringerike";0.00;226.20;427.99;686.21;185.13;27.77;0.00;0.00;0.00;0.00
"Hole";0.00;107.33;13.37;74.59;0.00;0.00;0.00;0.00;0.00;0.00
"Flå";0.00;34.20;39.80;155.34;267.35;179.09;28.80;0.00;0.00;0.00
"Nes (Busk.)";0.00;9.44;32.45;83.55;265.79;403.15;15.22;0.00;0.00;0.00
"Gol";0.00;0.00;19.47;57.09;242.11;207.66;6.20;0.00;0.00;0.00
"Hemsedal";0.00;0.00;0.00;11.21;138.15;234.18;265.41;100.03;3.64;0.00
"Ål";0.00;0.00;1.22;54.24;171.55;597.55;196.03;151.83;0.00;0.00
"Hol";0.00;0.00;0.00;16.08;154.80;941.01;510.99;222.33;22.92;0.00
"Sigdal";0.00;62.28;129.94;295.82;206.93;134.93;12.46;0.00;0.00;0.00
"Krødsherad";0.00;49.19;91.04;164.42;41.04;21.89;6.97;0.00;0.00;0.00
"Modum";8.94;166.05;146.95;167.64;26.93;0.00;0.00;0.00;0.00;0.00
"Øvre Eiker";75.01;79.22;129.74;162.63;11.36;0.00;0.00;0.00;0.00;0.00
"Nedre Eiker";21.24;8.94;17.83;71.77;0.01;0.00;0.00;0.00;0.00;0.00
"Lier";28.32;61.05;66.15;146.70;0.53;0.00;0.00;0.00;0.00;0.00
"Røyken";15.38;55.87;37.99;2.86;0.00;0.00;0.00;0.00;0.00;0.00
"Hurum";24.68;62.91;72.51;2.96;0.00;0.00;0.00;0.00;0.00;0.00
"Flesberg";0.00;0.00;125.63;325.48;94.39;16.24;0.00;0.00;0.00;0.00
"Rollag";0.00;0.00;48.56;110.56;240.09;49.76;0.95;0.00;0.00;0.00
"Nore og Uvdal";0.00;0.00;13.61;100.93;441.45;1037.64;914.04;0.00;0.00;0.00
"Horten";36.94;32.38;0.01;0.00;0.00;0.00;0.00;0.00;0.00;0.00
"Holmestrand";11.41;51.93;21.57;0.84;0.00;0.00;0.00;0.00;0.00;0.00
"Tønsberg";88.27;17.89;0.00;0.00;0.00;0.00;0.00;0.00;0.00;0.00
"Larvik";256.23;198.39;65.25;10.40;0.00;0.00;0.00;0.00;0.00;0.00
"Sandefjord";0.00;0.00;0.00;0.00;0.00;0.00;0.00;0.00;0.00;0.00
"Svelvik";10.93;14.34;28.74;3.66;0.00;0.00;0.00;0.00;0.00;0.00
"Sande (Vestf.)";40.67;43.15;59.76;34.19;0.00;0.00;0.00;0.00;0.00;0.00
"Hof";27.84;55.92;33.63;45.78;0.42;0.00;0.00;0.00;0.00;0.00
"Re";63.80;126.87;27.71;6.41;0.00;0.00;0.00;0.00;0.00;0.00
"Nøtterøy";55.88;3.39;0.00;0.00;0.00;0.00;0.00;0.00;0.00;0.00
"Tjøme";37.02;0.62;0.00;0.00;0.00;0.00;0.00;0.00;0.00;0.00
"Lardal";17.81;47.67;77.96;134.00;0.23;0.00;0.00;0.00;0.00;0.00
"Porsgrunn";39.70;39.07;49.30;32.92;0.28;0.00;0.00;0.00;0.00;0.00
"Skien";100.88;220.48;214.86;195.78;46.88;0.00;0.00;0.00;0.00;0.00
"Notodden";32.95;117.78;266.53;333.27;119.17;44.42;0.55;0.00;0.00;0.00
"Siljan";5.08;34.73;65.96;109.36;0.95;0.00;0.00;0.00;0.00;0.00
"Bamble";93.79;179.52;26.89;0.00;0.00;0.00;0.00;0.00;0.00;0.00
"Kragerø";128.42;134.18;44.73;0.10;0.00;0.00;0.00;0.00;0.00;0.00
"Drangedal";0.00;263.65;322.69;391.60;84.15;0.08;0.00;0.00;0.00;0.00
"Nome";33.50;142.98;170.23;80.32;7.46;0.00;0.00;0.00;0.00;0.00
"Bø (Telem.)";3.93;55.03;69.90;94.51;28.48;14.58;0.00;0.00;0.00;0.00
"Sauherad";54.10;47.58;65.38;115.22;34.00;0.00;0.00;0.00;0.00;0.00
"Tinn";0.00;0.00;65.48;172.24;332.29;949.99;539.05;3.60;0.20;0.00
"Hjartdal";1.35;18.70;39.07;103.41;310.29;294.60;29.54;1.21;0.00;0.00
"Seljord";0.00;26.59;46.30;144.42;254.30;207.64;31.71;0.00;0.00;0.00
"Kviteseid";0.00;70.85;99.80;280.76;222.78;34.75;0.00;0.00;0.00;0.00
"Nissedal";0.00;0.00;174.83;413.86;308.03;5.17;0.00;0.00;0.00;0.00
"Fyresdal";0.00;0.00;79.71;300.31;863.81;33.66;0.00;0.00;0.00;0.00
"Tokke";0.00;5.87;1.64;244.91;435.45;250.90;41.28;0.00;0.00;0.00
"Vinje";0.00;0.00;0.00;100.25;588.81;1338.53;1067.61;21.83;0.00;0.00
"Risør";96.43;81.22;13.84;0.00;0.00;0.00;0.00;0.00;0.00;0.00
"Grimstad";128.01;67.29;103.28;5.28;0.00;0.00;0.00;0.00;0.00;0.00
"Arendal";168.82;95.90;7.67;0.00;0.00;0.00;0.00;0.00;0.00;0.00
"Gjerstad";10.85;66.55;157.85;87.50;0.00;0.00;0.00;0.00;0.00;0.00
"Vegårshei";0.00;24.87;279.05;52.39;0.00;0.00;0.00;0.00;0.00;0.00
"Tvedestrand";75.78;113.79;27.00;0.00;0.00;0.00;0.00;0.00;0.00;0.00
"Froland";15.90;105.40;372.90;143.40;4.40;0.00;0.00;0.00;0.00;0.00
"Lillesand";110.11;69.58;5.66;0.00;0.00;0.00;0.00;0.00;0.00;0.00
"Birkenes";22.30;77.60;380.60;194.50;0.00;0.00;0.00;0.00;0.00;0.00
"Åmli";0.00;32.29;348.19;516.72;245.95;0.00;0.00;0.00;0.00;0.00
"Iveland";0.00;9.28;144.50;107.60;0.00;0.00;0.00;0.00;0.00;0.00
"Evje og Hornnes";0.00;0.00;119.59;418.61;22.61;0.00;0.00;0.00;0.00;0.00
"Bygland";0.00;0.00;87.89;321.09;816.20;105.49;0.00;0.00;0.00;0.00
"Valle";0.00;0.00;20.30;83.69;472.99;610.22;101.92;0.00;0.00;0.00
"Bykle";0.00;0.00;0.00;26.99;251.54;866.67;316.01;0.00;0.00;0.00
"Kristiansand";133.80;103.02;39.55;0.00;0.00;0.00;0.00;0.00;0.00;0.00
"Mandal";98.70;82.34;39.39;0.07;0.00;0.00;0.00;0.00;0.00;0.00
"Farsund";121.24;66.56;66.78;14.35;0.00;0.00;0.00;0.00;0.00;0.00
"Flekkefjord";67.00;72.90;196.00;192.40;10.70;0.00;0.00;0.00;0.00;0.00
"Vennesla";12.80;91.69;163.01;118.14;0.00;0.00;0.00;0.00;0.00;0.00
"Songdalen";32.78;23.29;123.79;37.15;0.00;0.00;0.00;0.00;0.00;0.00
"Søgne";58.37;55.52;34.58;0.00;0.00;0.00;0.00;0.00;0.00;0.00
"Marnardal";12.70;51.24;213.04;120.32;0.00;0.00;0.00;0.00;0.00;0.00
"Åseral";0.00;0.00;28.67;299.98;543.11;16.46;0.00;0.00;0.00;0.00
"Audnedal";0.15;26.49;106.56;120.46;0.00;0.00;0.00;0.00;0.00;0.00
"Lindesnes";62.45;78.14;157.58;18.20;0.00;0.00;0.00;0.00;0.00;0.00
"Lyngdal";45.35;62.86;180.62;102.41;0.00;0.00;0.00;0.00;0.00;0.00
"Hægebostad";0.00;2.46;45.06;292.33;119.08;1.52;0.00;0.00;0.00;0.00
"Kvinesdal";18.53;35.40;157.00;480.94;278.43;0.06;0.00;0.00;0.00;0.00
"Sirdal";9.40;22.50;65.90;274.80;783.80;356.60;34.00;0.00;0.00;0.00
"Eigersund";68.44;118.34;166.83;68.94;7.10;0.00;0.00;0.00;0.00;0.00
"Sandnes";101.22;77.88;82.02;39.89;1.90;0.00;0.00;0.00;0.00;0.00
"Stavanger";63.75;6.09;0.20;0.00;0.00;0.00;0.00;0.00;0.00;0.00
"Haugesund";48.53;18.73;5.00;0.00;0.00;0.00;0.00;0.00;0.00;0.00
"Sokndal";19.82;66.11;140.27;67.99;0.04;0.00;0.00;0.00;0.00;0.00
"Lund";18.58;30.45;82.11;248.68;34.26;0.00;0.00;0.00;0.00;0.00
"Bjerkreim";13.05;85.00;174.52;216.42;170.78;0.00;0.00;0.00;0.00;0.00
"Hå";114.67;77.73;62.49;0.00;0.00;0.00;0.00;0.00;0.00;0.00
"Klepp";112.83;2.24;0.00;0.00;0.00;0.00;0.00;0.00;0.00;0.00
"Time";39.60;57.00;73.88;11.33;0.00;0.00;0.00;0.00;0.00;0.00
"Gjesdal";11.40;36.33;134.63;162.66;197.08;67.02;0.00;0.00;0.00;0.00
"Sola";66.66;2.23;0.00;0.00;0.00;0.00;0.00;0.00;0.00;0.00
"Randaberg";24.41;0.10;0.00;0.00;0.00;0.00;0.00;0.00;0.00;0.00
"Forsand";23.87;33.49;48.61;133.76;317.76;210.83;4.29;0.00;0.00;0.00
"Strand";46.43;35.33;48.04;75.83;8.92;0.00;0.00;0.00;0.00;0.00
"Hjelmeland";50.71;60.77;101.25;263.19;305.65;305.65;5.06;0.00;0.00;0.00
"Suldal";56.51;121.98;157.59;352.30;514.25;389.43;127.67;8.19;0.00;0.00
"Sauda";6.80;11.50;21.24;92.78;227.34;138.23;15.40;0.01;0.00;0.00
"Finnøy";53.60;30.26;19.16;3.00;0.00;0.00;0.00;0.00;0.00;0.00
"Rennesøy";40.39;20.39;4.52;0.00;0.00;0.00;0.00;0.00;0.00;0.00
"Kvitsøy";5.73;0.00;0.00;0.00;0.00;0.00;0.00;0.00;0.00;0.00
"Bokn";35.96;10.06;1.60;0.00;0.00;0.00;0.00;0.00;0.00;0.00
"Tysvær";198.55;109.20;75.19;36.24;0.10;0.00;0.00;0.00;0.00;0.00
"Karmøy";187.07;41.27;0.07;0.00;0.00;0.00;0.00;0.00;0.00;0.00
"Utsira";6.09;0.06;0.00;0.00;0.00;0.00;0.00;0.00;0.00;0.00
"Vindafjord";0.00;0.00;0.00;0.00;0.00;0.00;0.00;0.00;0.00;0.00
"Bergen";117.71;116.99;109.42;102.91;18.02;0.27;0.00;0.00;0.00;0.00
"Etne";44.78;43.45;61.57;181.02;245.45;110.97;21.15;0.00;0.00;0.00
"Sveio";175.65;53.09;14.68;3.23;0.00;0.00;0.00;0.00;0.00;0.00
"Bømlo";208.20;34.70;3.20;0.90;0.00;0.00;0.00;0.00;0.00;0.00
"Stord";58.19;31.14;19.98;28.65;6.07;0.00;0.00;0.00;0.00;0.00
"Fitjar";69.30;16.70;24.60;33.50;0.90;0.00;0.00;0.00;0.00;0.00
"Tysnes";81.76;62.93;68.28;38.21;4.21;0.00;0.00;0.00;0.00;0.00
"Kvinnherad";114.64;113.58;127.97;219.71;232.54;168.39;112.21;46.52;0.00;0.00
"Jondal";8.92;13.10;18.77;54.78;55.14;46.67;8.16;0.46;0.00;0.00
"Odda";4.15;12.88;18.12;119.16;233.43;436.51;703.26;120.38;0.00;0.00
"Ullensvang";18.48;24.93;34.13;63.55;77.33;364.95;777.35;34.28;0.00;0.00
"Eidfjord";13.50;9.98;15.20;30.03;82.75;439.88;833.95;60.77;15.89;0.00
"Ulvik";12.98;8.20;17.90;48.50;69.54;155.92;339.42;67.62;2.17;0.00
"Granvin";11.55;9.16;15.67;66.54;67.48;30.57;10.05;0.60;0.00;0.00
"Voss";22.82;43.88;100.76;375.93;593.98;553.65;123.95;0.60;0.00;0.00
"Kvam";34.90;34.48;63.45;166.42;184.84;123.42;8.29;0.00;0.00;0.00
"Fusa";59.24;62.33;86.16;111.21;47.80;10.85;1.23;0.00;0.00;0.00
"Samnanger";14.46;18.38;43.91;90.42;74.09;23.94;0.26;0.00;0.00;0.00
"Os (Hord.)";49.10;37.01;31.93;19.11;2.36;0.00;0.00;0.00;0.00;0.00
"Austevoll";92.50;16.51;5.24;0.00;0.00;0.00;0.00;0.00;0.00;0.00
"Sund";77.42;16.00;5.75;0.00;0.00;0.00;0.00;0.00;0.00;0.00
"Fjell";108.91;29.51;8.21;0.35;0.00;0.00;0.00;0.00;0.00;0.00
"Askøy";74.42;22.73;2.35;0.00;0.00;0.00;0.00;0.00;0.00;0.00
"Vaksdal";17.88;23.04;90.41;189.85;334.87;79.98;1.70;0.00;0.00;0.00
"Modalen";9.66;13.58;35.71;108.07;144.63;72.96;0.36;0.00;0.00;0.00
"Osterøy";34.92;45.72;87.96;72.53;13.02;0.00;0.00;0.00;0.00;0.00
"Meland";59.68;22.60;8.77;0.24;0.00;0.00;0.00;0.00;0.00;0.00
"Øygarden";65.83;0.00;0.00;0.00;0.00;0.00;0.00;0.00;0.00;0.00
"Radøy";96.31;13.35;0.99;0.00;0.00;0.00;0.00;0.00;0.00;0.00
"Lindås";131.88;145.32;66.33;80.51;48.34;1.70;0.00;0.00;0.00;0.00
"Austrheim";55.62;0.25;0.00;0.00;0.00;0.00;0.00;0.00;0.00;0.00
"Fedje";9.36;0.00;0.00;0.00;0.00;0.00;0.00;0.00;0.00;0.00
"Masfjorden";66.82;56.07;73.20;166.42;184.31;11.38;0.00;0.00;0.00;0.00
"Flora";139.00;117.00;95.00;196.00;88.58;46.00;9.00;2.50;0.00;0.00
"Gulen";146.30;87.73;95.83;205.35;60.87;0.00;0.00;0.00;0.00;0.00
"Solund";138.53;46.65;28.46;14.36;0.00;0.00;0.00;0.00;0.00;0.00
"Hyllestad";36.11;50.30;82.34;82.87;7.43;0.00;0.00;0.00;0.00;0.00
"Høyanger";31.96;40.44;71.31;253.09;324.25;168.30;18.12;0.00;0.00;0.00
"Vik";18.30;22.00;37.80;138.50;194.90;312.60;92.20;11.70;0.00;0.00
"Balestrand";23.00;10.00;41.00;10.00;69.00;138.00;137.00;2.00;0.00;0.00
"Leikanger";3.50;5.10;13.50;47.20;70.10;10.20;34.40;1.00;0.00;0.00
"Sogndal";23.00;28.50;58.50;185.50;267.00;89.00;33.50;60.00;0.00;0.00
"Aurland";18.40;19.01;29.39;67.30;131.65;365.71;632.36;224.77;0.12;0.00
"Lærdal";15.50;14.90;21.40;63.10;105.80;263.70;599.30;254.90;2.40;0.00
"Årdal";17.90;11.58;18.92;54.74;123.75;311.61;357.02;76.34;6.64;0.23
"Luster";38.28;44.18;162.73;315.73;408.18;582.19;724.81;362.36;62.62;1.19
"Askvoll";154.00;59.00;64.00;42.00;3.00;0.00;0.00;0.00;0.00;0.00
"Fjaler";44.50;43.10;84.10;198.00;48.30;0.00;0.00;0.00;0.00;0.00
"Gaular";8.40;31.40;90.60;195.90;186.90;63.80;2.00;0.00;0.00;0.00
"Jølster";0.00;0.40;92.00;125.00;147.00;145.26;87.37;66.21;0.29;0.00
"Førde";9.00;35.00;55.00;180.94;157.53;95.00;50.00;8.00;0.00;0.00
"Naustdal";10.87;22.00;53.73;125.00;93.00;55.00;9.00;0.00;0.00;0.00
"Bremanger";89.00;87.00;155.00;244.00;115.65;85.00;47.00;8.00;0.00;0.00
"Vågsøy";32.00;30.00;80.00;20.00;3.89;0.00;0.00;0.00;0.00;0.00
"Selje";35.81;36.68;65.33;95.45;2.30;0.00;0.00;0.00;0.00;0.00
"Eid";66.80;37.60;66.50;175.50;105.60;15.30;0.70;0.00;0.00;0.00
"Hornindal";10.00;12.70;28.04;50.15;49.04;35.93;4.96;0.00;0.00;0.00
"Gloppen";24.20;84.20;83.90;251.20;277.30;195.80;78.20;27.20;0.00;0.00
"Stryn";87.36;56.00;80.00;210.00;229.00;218.00;228.00;245.00;29.00;0.00
"Molde";69.65;69.26;113.59;90.70;17.33;1.49;0.00;0.00;0.00;0.00
"Ålesund";48.94;18.97;16.22;14.05;0.00;0.00;0.00;0.00;0.00;0.00
"Kristiansund";0.00;0.00;0.00;0.00;0.00;0.00;0.00;0.00;0.00;0.00
"Vanylven";39.50;41.90;64.10;167.15;69.00;3.35;0.00;0.00;0.00;0.00
"Sande (M. og R.)";19.60;16.30;27.30;27.75;0.05;0.00;0.00;0.00;0.00;0.00
"Herøy (M. og R.)";39.11;26.42;25.34;29.65;0.47;0.00;0.00;0.00;0.00;0.00
"Ulstein";21.93;14.38;24.61;34.90;0.87;0.00;0.00;0.00;0.00;0.00
"Hareid";22.68;14.28;15.39;29.33;0.45;0.00;0.00;0.00;0.00;0.00
"Volda";39.15;46.00;65.87;171.30;157.34;60.04;7.90;0.00;0.00;0.00
"Ørsta";35.73;72.42;86.78;219.90;219.15;134.56;33.08;1.44;0.00;0.00
"Ørskog";6.54;13.62;30.01;56.17;18.25;5.06;0.68;0.00;0.00;0.00
"Norddal";9.55;17.78;27.67;106.69;176.94;265.29;263.20;72.05;2.23;0.00
"Stranda";9.97;22.78;47.60;173.79;215.14;238.01;134.94;25.21;0.00;0.00
"Stordal";5.58;7.77;12.21;74.70;80.56;55.45;13.04;0.05;0.00;0.00
"Sykkylven";21.51;34.47;42.06;115.05;81.39;36.27;6.64;0.08;0.00;0.00
"Skodje";35.78;35.43;26.48;20.34;2.06;0.00;0.00;0.00;0.00;0.00
"Sula";19.13;9.81;8.30;17.55;4.04;0.00;0.00;0.00;0.00;0.00
"Giske";30.86;3.83;3.39;1.73;0.00;0.00;0.00;0.00;0.00;0.00
"Haram";73.15;43.42;55.78;65.06;18.52;0.63;0.00;0.00;0.00;0.00
"Vestnes";45.16;47.93;52.99;118.99;71.09;17.49;0.45;0.00;0.00;0.00
"Rauma";64.05;89.45;87.46;224.33;304.14;352.42;305.25;70.08;3.32;0.00
"Nesset";61.93;62.96;72.03;178.71;201.44;241.45;193.18;35.23;1.63;0.00
"Midsund";35.21;10.74;16.41;29.44;2.49;0.00;0.00;0.00;0.00;0.00
"Sandøy";18.85;0.79;0.00;0.00;0.00;0.00;0.00;0.00;0.00;0.00
"Aukra";52.13;2.06;2.53;1.81;0.00;0.00;0.00;0.00;0.00;0.00
"Fræna";173.46;56.11;54.69;67.60;15.39;0.26;0.00;0.00;0.00;0.00
"Eide";49.63;30.13;24.45;39.70;8.43;0.20;0.00;0.00;0.00;0.00
"Averøy";101.70;25.53;27.66;18.63;0.88;0.00;0.00;0.00;0.00;0.00
"Gjemnes";28.93;75.29;94.97;126.51;55.87;0.90;0.00;0.00;0.00;0.00
"Tingvoll";60.53;91.67;82.38;91.98;8.81;1.98;0.00;0.00;0.00;0.00
"Sunndal";32.54;56.73;75.91;158.00;289.15;420.20;485.68;186.80;6.87;0.00
"Surnadal";69.47;77.57;132.87;495.28;341.51;200.76;47.04;1.02;0.00;0.00
"Rindal";1.10;15.24;62.44;308.14;177.82;61.40;13.91;0.58;0.00;0.00
"Halsa";37.99;59.76;72.29;111.69;22.09;0.12;0.00;0.00;0.00;0.00
"Smøla";274.80;0.01;0.00;0.00;0.00;0.00;0.00;0.00;0.00;0.00
"Aure";0.00;0.00;0.00;0.00;0.00;0.00;0.00;0.00;0.00;0.00
"Trondheim";47.10;125.44;122.70;46.61;0.00;0.00;0.00;0.00;0.00;0.00
"Hemne";70.49;97.07;150.62;284.12;56.25;0.92;0.00;0.00;0.00;0.00
"Snillfjord";53.70;97.40;122.50;219.80;14.60;0.00;0.00;0.00;0.00;0.00
"Hitra";358.46;280.11;41.03;0.41;0.00;0.00;0.00;0.00;0.00;0.00
"Frøya";230.08;1.08;0.00;0.00;0.00;0.00;0.00;0.00;0.00;0.00
"Ørland";65.03;3.92;1.95;0.00;0.00;0.00;0.00;0.00;0.00;0.00
"Agdenes";43.20;82.20;123.10;68.80;0.70;0.00;0.00;0.00;0.00;0.00
"Rissa";78.80;124.54;251.41;166.41;0.14;0.00;0.00;0.00;0.00;0.00
"Bjugn";140.32;128.05;88.86;24.66;0.00;0.00;0.00;0.00;0.00;0.00
"Åfjord";113.71;144.19;260.55;432.68;4.02;0.00;0.00;0.00;0.00;0.00
"Roan";47.82;44.69;104.95;175.88;0.10;0.00;0.00;0.00;0.00;0.00
"Osen";46.30;54.79;131.90;152.83;0.00;0.00;0.00;0.00;0.00;0.00
"Oppdal";0.00;0.00;0.94;134.75;390.83;772.28;795.89;175.85;2.89;0.00
"Rennebu";0.00;0.00;28.07;243.49;484.03;175.20;5.46;0.01;0.00;0.00
"Meldal";0.00;19.96;93.04;359.60;149.28;11.33;0.00;0.00;0.00;0.00
"Orkdal";35.02;52.79;211.08;275.49;18.94;0.00;0.00;0.00;0.00;0.00
"Røros";0.00;0.00;0.00;0.00;1594.65;330.45;30.62;0.40;0.00;0.00
"Holtålen";0.00;0.00;12.11;162.82;664.31;365.54;3.79;0.00;0.00;0.00
"Midtre Gauldal";0.15;22.75;66.65;677.93;731.36;360.54;1.92;0.00;0.00;0.00
"Melhus";53.00;57.23;176.21;392.10;17.59;0.07;0.00;0.00;0.00;0.00
"Skaun";12.18;44.57;95.23;71.59;0.00;0.00;0.00;0.00;0.00;0.00
"Klæbu";0.00;30.65;45.53;101.41;7.77;0.00;0.00;0.00;0.00;0.00
"Malvik";9.59;24.13;93.23;44.76;0.02;0.00;0.00;0.00;0.00;0.00
"Selbu";0.00;55.58;112.16;689.54;341.09;34.74;1.95;0.00;0.00;0.00
"Tydal";0.00;0.00;7.09;159.18;818.10;288.54;55.27;2.40;0.00;0.00
"Steinkjer";221.09;369.97;440.85;507.26;24.07;0.00;0.00;0.00;0.00;0.00
"Namsos";156.56;231.45;261.38;124.72;0.69;0.00;0.00;0.00;0.00;0.00
"Meråker";0.00;16.63;35.88;521.96;621.02;76.32;1.01;0.00;0.00;0.00
"Stjørdal";75.22;115.51;245.80;442.47;41.66;2.55;0.00;0.00;0.00;0.00
"Frosta";26.91;31.05;16.57;1.44;0.00;0.00;0.00;0.00;0.00;0.00
"Leksvik";9.21;42.05;154.47;224.82;0.01;0.00;0.00;0.00;0.00;0.00
"Levanger";101.28;188.52;154.36;208.24;3.97;0.00;0.00;0.00;0.00;0.00
"Verdal";68.66;110.04;307.76;802.62;254.82;3.62;0.00;0.00;0.00;0.00
"Verran";17.01;33.14;111.17;436.64;3.57;0.00;0.00;0.00;0.00;0.00
"Namdalseid";58.40;184.85;270.39;254.36;1.46;0.00;0.00;0.00;0.00;0.00
"Snåase - Snåsa";102.91;91.07;280.06;1234.66;607.54;12.43;0.00;0.00;0.00;0.00
"Lierne";0.00;0.00;1.08;1430.29;1332.02;199.93;8.79;0.00;0.00;0.00
"Raarvihke - Røyrvik";0.00;0.00;0.83;697.26;704.93;176.07;8.22;0.00;0.00;0.00
"Namsskogan";0.00;27.03;267.55;691.36;409.23;20.96;0.00;0.00;0.00;0.00
"Grong";30.47;157.40;294.06;489.48;164.27;3.89;0.00;0.00;0.00;0.00
"Høylandet";39.89;117.48;217.60;257.28;123.20;0.25;0.00;0.00;0.00;0.00
"Overhalla";120.47;122.09;212.05;265.36;10.17;0.00;0.00;0.00;0.00;0.00
"Fosnes";137.95;98.08;145.97;139.67;23.87;0.00;0.00;0.00;0.00;0.00
"Flatanger";107.20;97.81;138.39;114.39;0.17;0.00;0.00;0.00;0.00;0.00
"Vikna";269.31;40.37;0.08;0.00;0.00;0.00;0.00;0.00;0.00;0.00
"Nærøy";276.37;302.44;284.38;182.02;19.38;0.00;0.00;0.00;0.00;0.00
"Leka";60.20;21.78;13.27;12.92;0.00;0.00;0.00;0.00;0.00;0.00
"Inderøy";0.00;0.00;0.00;0.00;0.00;0.00;0.00;0.00;0.00;0.00
"Bodø";275.15;161.52;163.21;230.98;82.79;6.94;0.10;0.00;0.00;0.00
"Narvik";59.10;76.60;155.60;443.50;606.83;451.89;218.43;17.73;0.22;0.00
"Bindal";128.04;130.93;178.43;472.31;328.56;23.90;0.00;0.00;0.00;0.00
"Sømna";87.90;40.52;31.97;31.50;0.95;0.00;0.00;0.00;0.00;0.00
"Brønnøy";217.01;147.54;195.80;269.35;197.31;12.87;0.07;0.00;0.00;0.00
"Vega";126.27;10.44;9.67;10.88;2.17;0.00;0.00;0.00;0.00;0.00
"Vevelstad";51.62;41.38;90.59;201.91;140.04;4.83;0.02;0.00;0.00;0.00
"Herøy (Nordl.)";61.30;0.25;0.40;0.00;0.00;0.00;0.00;0.00;0.00;0.00
"Alstahaug";69.50;33.20;31.50;55.40;24.20;1.20;0.00;0.00;0.00;0.00
"Leirfjord";110.60;67.84;69.63;125.10;69.80;1.03;0.00;0.00;0.00;0.00
"Vefsn";173.90;201.40;344.50;739.00;379.20;49.00;7.00;0.00;0.00;0.00
"Grane";9.25;62.90;175.10;835.57;626.19;253.70;50.97;3.75;0.00;0.00
"Hattfjelldal";1.40;45.05;1052.61;1019.23;548.71;14.56;1.00;0.04;0.00;0.00
"Dønna";137.81;27.90;15.73;10.38;1.15;0.00;0.00;0.00;0.00;0.00
"Nesna";27.99;33.31;76.62;60.10;4.28;0.05;0.00;0.00;0.00;0.00
"Hemnes";41.34;58.56;117.93;635.72;465.30;208.95;49.66;16.14;0.40;0.00
"Rana";130.19;201.25;341.98;1144.23;1544.17;879.50;221.41;1.01;0.00;0.00
"Lurøy";113.53;37.85;42.01;48.89;18.26;1.78;0.00;0.00;0.00;0.00
"Træna";14.27;0.52;0.27;0.01;0.00;0.00;0.00;0.00;0.00;0.00
"Rødøy";152.03;77.19;96.32;179.69;133.53;50.18;16.70;0.02;0.00;0.00
"Meløy";126.87;81.96;78.44;208.00;162.27;145.68;67.00;0.96;0.00;0.00
"Gildeskål";132.23;52.77;90.55;235.38;137.47;15.72;0.32;0.00;0.00;0.00
"Beiarn";33.24;34.46;91.24;356.13;395.09;273.04;42.07;0.47;0.00;0.00
"Saltdal";41.82;45.04;90.90;495.79;844.71;544.78;146.09;4.01;0.00;0.00
"Fauske";114.29;68.59;120.99;256.21;303.68;244.18;90.21;9.89;0.06;0.00
"Sørfold";112.66;146.35;300.28;489.80;383.48;199.61;21.31;0.06;0.00;0.00
"Steigen";275.83;163.65;181.00;279.72;85.83;25.57;1.19;0.00;0.00;0.00
"Hamarøy - Hábmer";219.18;122.00;166.99;183.41;266.53;73.56;5.99;0.00;0.00;0.00
"Divtasvuodna - Tysfjord";117.00;126.91;172.64;315.97;529.44;171.92;28.93;0.03;0.00;0.00
"Lødingen";126.13;71.28;115.15;171.65;45.12;1.99;0.03;0.00;0.00;0.00
"Tjeldsund";63.07;45.27;73.07;105.41;29.76;0.74;0.00;0.00;0.00;0.00
"Evenes";44.10;48.90;73.70;58.64;24.25;2.71;0.00;0.00;0.00;0.00
"Ballangen";115.19;130.11;129.75;227.28;221.34;73.72;31.04;1.21;0.00;0.00
"Røst";9.87;0.74;0.60;0.00;0.00;0.00;0.00;0.00;0.00;0.00
"Værøy";9.05;3.12;3.51;2.05;0.00;0.00;0.00;0.00;0.00;0.00
"Flakstad";40.87;43.24;47.36;41.15;7.08;0.03;0.00;0.00;0.00;0.00
"Vestvågøy";184.33;75.65;91.36;65.37;4.94;0.03;0.00;0.00;0.00;0.00
"Vågan";182.97;73.78;92.37;115.60;12.22;0.14;0.00;0.00;0.00;0.00
"Hadsel";161.78;92.89;126.97;150.83;32.20;1.38;0.01;0.00;0.00;0.00
"Bø (Nordl.)";135.44;43.87;41.61;26.95;0.20;0.00;0.00;0.00;0.00;0.00
"Øksnes";135.97;57.88;65.15;57.09;1.17;0.00;0.00;0.00;0.00;0.00
"Sortland";221.00;132.30;153.90;178.80;26.50;0.50;0.00;0.00;0.00;0.00
"Andøy";353.46;80.23;120.77;98.86;5.96;0.00;0.00;0.00;0.00;0.00
"Moskenes";20.17;17.21;27.74;45.21;9.44;0.00;0.00;0.00;0.00;0.00
"Tromsø";327.93;340.77;533.86;815.98;374.94;124.70;30.87;8.77;0.10;0.00
"Harstad";0.00;0.00;0.00;0.00;0.00;0.00;0.00;0.00;0.00;0.00
"Kvæfjord";36.50;61.00;141.80;217.00;64.90;0.80;0.00;0.00;0.00;0.00
"Skånland";54.85;99.96;106.92;133.38;73.49;24.45;0.98;0.00;0.00;0.00
"Ibestad";38.17;34.50;67.95;65.97;29.08;6.11;0.10;0.00;0.00;0.00
"Gratangen";18.83;25.69;52.22;123.14;74.52;17.57;0.79;0.00;0.00;0.00
"Loabák - Lavangen";13.11;16.24;40.68;124.73;78.04;28.72;2.42;0.00;0.00;0.00
"Bardu";11.87;120.11;152.18;763.09;895.69;610.70;140.41;3.61;0.00;0.00
"Salangen";43.75;50.93;102.08;159.68;87.48;13.14;0.32;0.00;0.00;0.00
"Målselv";161.81;234.18;336.45;715.37;1138.34;588.52;137.37;9.94;0.00;0.00
"Sørreisa";28.04;32.83;111.54;128.49;49.84;9.53;0.36;0.00;0.00;0.00
"Dyrøy";32.52;41.90;80.75;98.78;30.12;6.12;0.03;0.00;0.00;0.00
"Tranøy";111.02;103.76;139.03;147.69;21.75;0.00;0.00;0.00;0.00;0.00
"Torsken";36.50;32.31;65.57;95.63;16.10;0.00;0.00;0.00;0.00;0.00
"Berg";37.29;36.15;69.82;118.26;26.02;0.23;0.00;0.00;0.00;0.00
"Lenvik";204.03;176.02;259.62;210.97;41.29;3.38;0.04;0.00;0.00;0.00
"Balsfjord";110.26;200.59;380.38;422.60;240.15;109.76;29.71;0.17;0.00;0.00
"Karlsøy";184.24;213.88;321.05;278.96;40.12;1.31;0.00;0.00;0.00;0.00
"Lyngen";104.50;99.40;106.70;206.20;175.70;93.30;22.70;1.50;0.00;0.00
"Storfjord - Omasvuotna - Omasvuono";45.90;61.30;75.30;331.50;565.30;389.20;68.80;0.70;0.00;0.00
"Gáivuotna - Kåfjord";31.10;36.30;50.70;126.90;274.00;451.00;27.00;0.00;0.00;0.00
"Skjervøy";51.60;57.00;82.30;150.30;105.00;25.70;1.00;0.00;0.00;0.00
"Nordreisa";113.50;138.00;158.40;1004.50;1615.10;391.30;13.90;0.20;0.00;0.00
"Kvænangen";90.30;125.50;217.20;658.30;851.30;166.10;1.50;0.00;0.00;0.00
"Vardø";98.10;254.20;236.40;11.90;0.00;0.00;0.00;0.00;0.00;0.00
"Vadsø";134.00;275.70;405.70;443.00;0.60;0.00;0.00;0.00;0.00;0.00
"Hammerfest";117.40;194.30;272.00;208.40;53.50;2.30;0.00;0.00;0.00;0.00
"Guovdageaidnu - Kautokeino";0.00;0.00;81.90;8979.20;642.40;0.60;0.00;0.00;0.00;0.00
"Alta";188.70;270.80;471.40;2254.20;622.60;37.50;0.00;0.00;0.00;0.00
"Loppa";70.00;90.70;114.00;240.80;133.90;41.30;0.10;0.00;0.00;0.00
"Hasvik";82.00;130.40;182.30;146.80;17.30;0.20;0.00;0.00;0.00;0.00
"Kvalsund";80.00;167.60;563.60;979.30;52.70;0.30;0.00;0.00;0.00;0.00
"Måsøy";149.30;223.20;432.90;330.50;0.10;0.00;0.00;0.00;0.00;0.00
"Nordkapp";134.50;200.40;418.00;170.90;0.00;0.00;0.00;0.00;0.00;0.00
"Porsanger - Porsángu - Porsanki";312.00;576.70;1015.20;2324.40;620.90;23.80;0.00;0.00;0.00;0.00
"Kárásjohka - Karasjok";0.00;99.10;1246.10;4098.70;19.40;0.40;0.00;0.00;0.00;0.00
"Lebesby";197.30;356.70;1302.40;1425.30;173.10;4.10;0.00;0.00;0.00;0.00
"Gamvik";96.60;202.10;558.30;550.70;5.80;0.00;0.00;0.00;0.00;0.00
"Berlevåg";74.90;134.60;426.60;483.90;0.20;0.00;0.00;0.00;0.00;0.00
"Deatnu - Tana";266.20;539.70;1480.00;1591.70;169.50;8.20;0.00;0.00;0.00;0.00
"Unjárga - Nesseby";121.60;280.20;688.10;352.10;0.00;0.00;0.00;0.00;0.00;0.00
"Båtsfjord";71.00;147.70;532.50;681.60;0.80;0.00;0.00;0.00;0.00;0.00
"Sør-Varanger";504.40;1705.50;1512.40;245.00;0.00;0.00;0.00;0.00;0.00;0.00

"Source: Norwegian mapping Authority."

"1 January 2017 the municipalities 0706 Sandefjord, 0719 Andebu and "
"most of 0720 Stokke were merged to new municipality 0710 Sandefjord. "
"Also an area of 3 km2, with about 2 200 persons, was transferred from "
"Stokke to 0704 Tønsberg."

"Name changed from Slemdal in 1919."

"Name changed from Liknes in 1917."

"1 January 2006  1154 Vindafjord and 1159 Ølen were merged to 1160 "
"Vindafjord."

"1 January 2008 1503 Kristiansund and 1556 Frei were merged to 1505 "
"Kristiansund."

"An area with 380 inhabitants was per 1 January 2002 transferred from "
"1514 Sande to 1511 Vanylven."

"An area with 380 inhabitants was per 1 January 2002 transferred from "
"1514 Sande to 1511 Vanylven."

"1 January 2006 1569 Aure and 1572 Tustna were merged to 1576 Aure."

"1 January 2012 1723 Mosvik and 1729 Inderøy were merged to 1756 "
"Inderøy."

"1 January 2005 1804 Bodø and 1842 Skjerstad were merged to 1804 Bodø."

"1 January 2013 1901 Harstad and 1915 Bjarkøy were merged to 1903 "
"Harstad."

